{
  "items": [
    {
      "type": "image",
      "src": "https://tainasilveira.my.canva.site/_assets/media/41a98f94bc4cf10b90803cb37902c5b5.jpg",
      "thumb": "https://tainasilveira.my.canva.site/_assets/media/41a98f94bc4cf10b90803cb37902c5b5.jpg",
      "title": "Projeto"
    },
    {
      "type": "image",
      "src": "https://tainasilveira.my.canva.site/_assets/media/f744fc0b0db350eaee3b400fd54a8252.jpg",
      "thumb": "https://tainasilveira.my.canva.site/_assets/media/f744fc0b0db350eaee3b400fd54a8252.jpg",
      "title": "Projeto"
    },
    {
      "type": "image",
      "src": "https://tainasilveira.my.canva.site/_assets/media/0d5eacedc31d6f8da0f27a3febb9f3e5.png",
      "thumb": "https://tainasilveira.my.canva.site/_assets/media/0d5eacedc31d6f8da0f27a3febb9f3e5.png",
      "title": "Projeto"
    },
    {
      "type": "image",
      "src": "https://tainasilveira.my.canva.site/_assets/media/101595cd9b846746544743ea81e81b2b.png",
      "thumb": "https://tainasilveira.my.canva.site/_assets/media/101595cd9b846746544743ea81e81b2b.png",
      "title": "Projeto"
    },
    {
      "type": "image",
      "src": "https://tainasilveira.my.canva.site/_assets/media/91f17cf4043feaddbc006f871a901695.png",
      "thumb": "https://tainasilveira.my.canva.site/_assets/media/91f17cf4043feaddbc006f871a901695.png",
      "title": "Projeto"
    },
    {
      "type": "image",
      "src": "https://tainasilveira.my.canva.site/_assets/media/08aefcb0732d4baad155024334e9acf2.png",
      "thumb": "https://tainasilveira.my.canva.site/_assets/media/08aefcb0732d4baad155024334e9acf2.png",
      "title": "Projeto"
    },
    {
      "type": "image",
      "src": "https://tainasilveira.my.canva.site/_assets/media/da0608faf63c458ad5634576ac37a4f1.png",
      "thumb": "https://tainasilveira.my.canva.site/_assets/media/da0608faf63c458ad5634576ac37a4f1.png",
      "title": "Projeto"
    },
    {
      "type": "image",
      "src": "https://tainasilveira.my.canva.site/_assets/media/cc53eb235f627602362e5513a44f6524.png",
      "thumb": "https://tainasilveira.my.canva.site/_assets/media/cc53eb235f627602362e5513a44f6524.png",
      "title": "Projeto"
    },
    {
      "type": "image",
      "src": "https://tainasilveira.my.canva.site/_assets/media/6936fb6b396e2909cd29cad947e1ad03.png",
      "thumb": "https://tainasilveira.my.canva.site/_assets/media/6936fb6b396e2909cd29cad947e1ad03.png",
      "title": "Projeto"
    },
    {
      "type": "image",
      "src": "https://tainasilveira.my.canva.site/_assets/media/0ee4d7d71930b18cdc2cb765ccdea2a2.png",
      "thumb": "https://tainasilveira.my.canva.site/_assets/media/0ee4d7d71930b18cdc2cb765ccdea2a2.png",
      "title": "Projeto"
    },
    {
      "type": "image",
      "src": "https://tainasilveira.my.canva.site/_assets/media/629caed16bc0f7ad8d9c7cd4b7baa843.png",
      "thumb": "https://tainasilveira.my.canva.site/_assets/media/629caed16bc0f7ad8d9c7cd4b7baa843.png",
      "title": "Projeto"
    },
    {
      "type": "image",
      "src": "https://tainasilveira.my.canva.site/_assets/media/9e2f55b0ebe854137d5580fc042f8b48.png",
      "thumb": "https://tainasilveira.my.canva.site/_assets/media/9e2f55b0ebe854137d5580fc042f8b48.png",
      "title": "Projeto"
    },
    {
      "type": "image",
      "src": "https://tainasilveira.my.canva.site/_assets/media/b5d7a15b16f11f20521ca3bc84bc62c5.png",
      "thumb": "https://tainasilveira.my.canva.site/_assets/media/b5d7a15b16f11f20521ca3bc84bc62c5.png",
      "title": "Projeto"
    },
    {
      "type": "image",
      "src": "https://tainasilveira.my.canva.site/_assets/media/5a0dd51c706e42b100751647d0f2f4a0.png",
      "thumb": "https://tainasilveira.my.canva.site/_assets/media/5a0dd51c706e42b100751647d0f2f4a0.png",
      "title": "Projeto"
    },
    {
      "type": "image",
      "src": "https://tainasilveira.my.canva.site/_assets/media/58dfd5105ed1ec3e1b29d15112a4a1ff.png",
      "thumb": "https://tainasilveira.my.canva.site/_assets/media/58dfd5105ed1ec3e1b29d15112a4a1ff.png",
      "title": "Projeto"
    },
    {
      "type": "image",
      "src": "https://tainasilveira.my.canva.site/_assets/media/cfac4ba6329acedd39d28b8cab38bb68.png",
      "thumb": "https://tainasilveira.my.canva.site/_assets/media/cfac4ba6329acedd39d28b8cab38bb68.png",
      "title": "Projeto"
    },
    {
      "type": "image",
      "src": "https://tainasilveira.my.canva.site/_assets/media/dd1ddabe625972204345bbbf647a2c7f.png",
      "thumb": "https://tainasilveira.my.canva.site/_assets/media/dd1ddabe625972204345bbbf647a2c7f.png",
      "title": "Projeto"
    },
    {
      "type": "image",
      "src": "https://tainasilveira.my.canva.site/_assets/media/0c37ce099574adec296790981b408549.jpg",
      "thumb": "https://tainasilveira.my.canva.site/_assets/media/0c37ce099574adec296790981b408549.jpg",
      "title": "Projeto"
    }
  ]
}